{"counter":{"PollCount":20},"gauge":{"Alloc":768448,"BuckHashSys":3189,"Frees":51862,"GCCPUFraction":0.0001012320151771027,"GCSys":2573696,"HeapAlloc":768448,"HeapIdle":6193152,"HeapInuse":1507328,"HeapObjects":4517,"HeapReleased":3145728,"HeapSys":7700480,"LastGC":1747486840419556000,"Lookups":0,"MCacheInuse":2400,"MCacheSys":15600,"MSpanInuse":57440,"MSpanSys":97920,"Mallocs":56379,"NextGC":4194304,"NumForcedGC":0,"NumGC":2,"OtherSys":675499,"PauseTotalNs":747911,"RandomValue":74.40733743231355,"StackInuse":688128,"StackSys":688128,"Sys":11754512,"TotalAlloc":7626392}}